[ {
  "contact": 1,
  "email": "jeff@bikes.com",
  "model": "Globo MTB 29 Full Suspension",
  "name": "Jeff Miller",
  "phone": "Mushroom Soup",
  "purchase_date": "328-443-5555",
  "purchase_price": 4419619200000,
  "serial_number": "1100"
}, {
  "contact": 0,
  "email": "samantha@bikes.com",
  "model": "Globo Carbon Fiber Race Series",
  "name": "Samantha Davis",
  "phone": "Mushroom Soup",
  "purchase_date": "448-397-5555",
  "purchase_price": 4419619200000,
  "serial_number": "1999"
}, {
  "contact": 1,
  "email": "dave@bikes.com",
  "model": "Globo Time Trial Blade",
  "name": "Dave Warren",
  "phone": "Mushroom Soup",
  "purchase_date": "563-891-5555",
  "purchase_price": 4419619200000,
  "serial_number": "2100"
} ]
